install_id,ip,city,country,region
KA330201803042f95b22c0de449cf830234537c557360,174.207.0.117,,United States,
KA3302018030190c97a9504834e78b07ee65a480c33e7,174.207.1.154,,United States,
KA3302018030409302f8c4674455b8230d2489a2df03a,73.58.150.178,Hendersonville,United States,Tennessee
KA330201803042f95b22c0de449cf830234537c557360,174.207.0.117,,United States,
KA330201803042f95b22c0de449cf830234537c557360,174.207.0.117,,United States,
KA330201803023972342ad7434b8493c5efe5916200d0,174.236.7.145,,United States,
KA33020180303de93560af30141519d3b4b91b77c9c9d,107.77.236.127,,United States,Georgia
KA3302018030190c97a9504834e78b07ee65a480c33e7,174.207.1.154,,United States,
KA3302018030443ac5e4e54e842bb867337e0fb574250,172.58.40.43,Seattle,United States,Washington
KA330201803042f95b22c0de449cf830234537c557360,174.207.0.117,,United States,
KA330201803043ff7907e73384d79a081d946f982d6c0,174.235.146.67,,United States,
KA3302018030283126c7eaa09490cbd4d2df4b26d25f2,174.255.5.161,,United States,Iowa
KA33020180304aac0b5b8a134498cbaa57b97df56ad54,174.196.145.151,Niota,United States,Tennessee
KA330201803016760a7ce4408437d9da9d22b8d0222a8,172.58.137.1,Chicago,United States,Illinois
KAa8312ef168934a5eb1e5c50d94741759,99.203.155.215,,United States,
KA3302018030479a1166fbd2c4bcea09097f34b427c96,107.77.199.85,,United States,Texas
KA0254df0d7a934bd984233d1d6e922a2c,174.207.19.250,,United States,
KA330201803026d652dc6192e402cb18a0dde9443a83a,174.224.9.190,Portland,United States,Oregon
KA330201802287ba538ee9a0b4a81ba768b0ad72c273f,174.235.130.162,,United States,
KA3302018030428ae3982ec774b6b878a7878b26b92ff,107.77.232.59,,United States,
KA3302018030428ae3982ec774b6b878a7878b26b92ff,107.77.232.59,,United States,
KA33020180228dd183c135abe471daa2349ff8f21b91b,174.234.140.154,,United States,
KAfe58b76dc2824f5d874a127288d463a2,68.134.83.15,Parkville,United States,Maryland
KA959607f23f824870be32d59884b82596,174.236.137.13,,United States,
KA33020180301439ec0c99bcd41dfac12e8f54c04859a,174.255.39.177,,United States,
KA3302018030408ba74dcf3bf430386ac69315fd6222a,107.77.199.234,,United States,Texas
KA3302018030476745a800ae94c33880d9eb424e4de94,99.203.26.175,Houston,United States,Texas
KA33020180304bfe85e90efff4414ba02a3347464f538,66.87.208.146,,United States,Tennessee
KA33020180227a252880a2614408e850c8248d799b16f,174.223.136.160,Wetumpka,United States,Alabama
KA33020180301269e0237db0f4c13986aebd5c8f2baca,107.77.198.38,,United States,Texas
KAe24ffd739d3e452dbc0b5d0146be9dfa,172.58.109.117,San Antonio,United States,Texas
KA330201803019c6d2e00e9014a03a40853adabcd6dc5,174.234.9.76,,United States,
KA330201803041bf1bad55e024efa9a6993fac5d95536,184.170.76.181,Christiansburg,United States,Virginia
KA330201803044e2ba52d4896460c820f7d3c6f6f0d73,174.255.132.80,,United States,
KA33020180303649585f32d354798ae682a6c2e368642,174.195.130.78,Crossville,United States,Tennessee
KA330201803044e2ba52d4896460c820f7d3c6f6f0d73,174.255.132.80,,United States,
KA33020180303b7d1507b31184f8c9e686efd799ed54d,174.206.8.202,,United States,
KA3302018030409bed9db863b45489262f79c1d5aa27e,107.77.217.91,,United States,Texas
KA856250c623434ae6958cb206fde83344,107.77.196.225,,United States,Texas
KA330201803045d863701137b4e2a9895994d2b45bc1d,107.77.233.160,,United States,
KA330201803028998d47d5c464913a92fbd3e7ef8d0ce,107.77.222.77,Richmond,United States,Texas
KA1f60912eafe34ebe8d5139a976fa22c9,107.77.200.157,,United States,Texas
KA330201802274c99bc88f626485d8a9b493eaac047ca,174.234.12.78,,United States,
KA33020180304a3956523f7494430aa3062ce25480e42,107.242.113.4,,United States,
KA3302018030466ad54afb34e4c93b9aab89c50bdd0fa,99.203.154.249,,United States,
KA3302018030136b347649e4046c2ac17bfbf024a1373,107.77.196.212,,United States,Texas
KA3302018030404ad6c8aed9c4fc3a7ea23fb01bfee68,208.54.70.235,,United States,Alabama
KA33020180304f028c9260cb949e1a2b77ba994ffb052,172.58.21.79,Los Angeles,United States,California
KA3302018030404ad6c8aed9c4fc3a7ea23fb01bfee68,208.54.70.235,,United States,Alabama
KA330201803041d316120b52a4d91b6955381d9496e27,174.234.14.47,,United States,
KA33020180304a3956523f7494430aa3062ce25480e42,107.242.113.4,,United States,
KA3302018030466ad54afb34e4c93b9aab89c50bdd0fa,99.203.154.249,,United States,
KA330201803049653c259536b4586909e813e9ae9d699,204.156.180.123,Santa Clara,United States,California
KA33020180304bd39b9b98bbe4f6cb62b6b816476e024,107.77.207.228,,United States,Illinois
KA330201803049ba0de81ef9a4517b5ac8c07db73da7e,99.203.4.222,,United States,
KA3302018022871be296caa6f45459751d2b1aaa4017e,172.58.33.79,Hayward,United States,California
KA33020180228a1e8537ef2d247118beb482381622e03,174.196.133.254,Sevierville,United States,Tennessee
KA33020180304bd39b9b98bbe4f6cb62b6b816476e024,107.77.207.228,,United States,Illinois
KA33020180228f58538b4f40042afa8c2cf8c26ac251d,174.207.13.153,,United States,
KA33020180304b0c67daf377a48ceae0e74212edf8d73,73.217.170.1,Augusta,United States,Georgia
KA3302018022898cecc144afd47dfac9407c8819356c0,107.77.197.190,,United States,Texas
KA33020180304856402f52884461dbc7698bd370f6c3f,172.58.111.162,San Antonio,United States,Texas
KA33020180303a247bbf524e746df8beac81b8f96e2b6,99.203.23.189,,United States,
KA330201803048198729ab8864e5a87464da425aba446,174.255.131.81,,United States,
KA33020180304d2b32af822dd4478826793b656014cbe,172.56.6.216,Dallas,United States,Texas
KA330201803042e24c7cb92294d0db88462523ed0daa8,174.255.139.250,,United States,
KA417d714716f346dea8c62a9aaec335f1,174.207.0.226,,United States,
KA3302018022842b6876eb3304a91a703faf5c95a1e1c,172.58.104.186,Dallas,United States,Texas
KA33020180303a247bbf524e746df8beac81b8f96e2b6,99.203.23.189,,United States,
KA33020180304cee1defc3bbe42588c743965de5d6374,172.58.145.196,,United States,
KA33020180228a0f8b70044614ab78ff7505ab10cd95d,107.77.218.216,Houston,United States,Texas
KA330201803042793372f8878499dbae00894676168aa,108.210.146.56,Katy,United States,Texas
KA33020180304cd5ebfdadd0548f38b38b0f53f473fd2,174.236.7.237,,United States,
KA330201802276bc6ab34a02d4905aa9a6f88e3a3d471,64.130.75.254,Lubbock,United States,Texas
KA2cdece5ab6d24df2b598d14d44162e41,107.77.198.48,,United States,Texas
KA3302018030185c5592e8ab04b81bc0fe99a92306bdc,172.56.17.36,Anaheim,United States,California
KA3302018030483a309b499ce486799e4e423fff44c2e,174.235.129.223,,United States,
KA9d1a2af3153947439a5559780e13eecf,174.236.133.112,,United States,
KA3b540446479f4807b659507a286415c0,172.58.23.226,Phoenix,United States,Arizona
KA8496a4babbc947c4ba1f5ac94f412bac,174.234.20.36,,United States,
KA3302018022832648b5d4daf4d0ebc96d28994604277,99.203.29.117,,United States,
KA3302018030486d8c21e558f48cd886911b7f22373e9,66.87.133.197,Ramseur,United States,North Carolina
KA8496a4babbc947c4ba1f5ac94f412bac,174.234.20.36,,United States,
KA33020180228a0f8b70044614ab78ff7505ab10cd95d,107.77.218.216,Houston,United States,Texas
KA330201803040023f62a7f0d4ba7bb1b42179ffe86c6,172.56.7.43,Dallas,United States,Texas
KA3302018030438710b1e0add40108df52c5cff4f20c1,174.195.139.220,Crossville,United States,Tennessee
KA330201803034dd41939759c407bb2880a23e938ffe7,174.236.132.19,,United States,
KA33020180302d0fa01a84b8d4492a33ee3bbccc5e1ab,174.235.136.116,,United States,
KA330201803034dd41939759c407bb2880a23e938ffe7,174.236.132.19,,United States,
KA330201803034dd41939759c407bb2880a23e938ffe7,174.236.132.19,,United States,
KA330201803034dd41939759c407bb2880a23e938ffe7,174.236.132.19,,United States,
KA330201803049a27f373886a4030bec56a1c28439250,99.203.26.254,Houston,United States,Texas
KA33020180228d2ef39bdb53c4925bc8d9b88976055c2,107.77.200.97,,United States,Texas
KA330201803049453e190a5d84508ab679ee45f1a7d57,172.56.6.105,Dallas,United States,Texas
KA3302018030207dcd86583d243ae9b1865a16f332717,174.235.139.159,,United States,
KA33020180301c84602095a774c0998bc4179be941ea8,107.77.221.235,Humble,United States,Texas
KA33020180228f9a5b0d370d549b1b62e2aa3af549aee,174.236.137.118,,United States,
KA33020180304707540f3e534476e81d0cf19094234bd,107.77.196.186,,United States,Texas
KA33020180228d2ef39bdb53c4925bc8d9b88976055c2,107.77.200.97,,United States,Texas
KA33020180304ce5825c81e9e4c07b21b7f0f1e432a77,174.206.27.73,,United States,
KA6ed650122c9647f3afde298b54bb6aea,174.235.14.210,,United States,
KA3302018030423215510d81a437ebb9e7e017027681a,172.58.142.235,Chicago,United States,Illinois
KA3302018030423215510d81a437ebb9e7e017027681a,172.58.142.235,Chicago,United States,Illinois
KA33020180304653c9440979641949ad8e887878308a1,174.205.13.33,Washington,United States,District of Columbia
KA33020180304707540f3e534476e81d0cf19094234bd,107.77.196.186,,United States,Texas
KA3302018030466f11a254ac44c8e9bfef2323c025ef8,174.207.0.56,,United States,
KA262075e56481464eb32c26532b4ec1ac,174.206.1.229,,United States,
KA330201803049d8925f06a2145a5bc06d13a29eea41d,96.61.172.236,La Vergne,United States,Tennessee
KA3302018030458bfcdfe7e044189845a98cc606c8940,174.234.9.95,,United States,
KA33020180304653c9440979641949ad8e887878308a1,174.205.13.33,Washington,United States,District of Columbia
KA33020180304587ce7773e454a43b805e2d9fd1d44c6,107.77.197.149,,United States,Texas
KA33020180304f816e8e9e08f49e2882404016b36ff3e,107.77.221.183,Humble,United States,Texas
KA3302018030291c501f8514d408e9377322be7786e32,99.203.27.134,Houston,United States,Texas
KA330201803049653c259536b4586909e813e9ae9d699,204.156.180.123,Santa Clara,United States,California
KA37bfe6ff4e004eadb3af68f541a2a175,99.203.27.220,Houston,United States,Texas
KA3302018030499a68035e38e4198b3a0dd1fdbdea4c5,174.236.6.105,,United States,
KA33020180304e3b9e22151514bbe89855a002d5bc55b,66.87.131.71,West Covina,United States,California
KA3302018030432638de1f2bf4712b2a4af51c9d26c6c,174.228.136.68,,United States,Florida
KA874b3e0b9a114ca0ba3afc0c28168833,99.203.27.143,Houston,United States,Texas
KA3302018030493f80d0005d141549386873187db2999,107.77.218.18,Houston,United States,Texas
KA330201803022071d21912464fb6ba4c0b0dfe8f4747,174.234.12.164,,United States,
KAdf678861f5084c4b878bd3c9af5645c6,107.77.201.17,,United States,Texas
KA330201803022071d21912464fb6ba4c0b0dfe8f4747,174.234.12.164,,United States,
KA330201803044de8208f95664657aba05e08ba1dc699,174.238.37.224,,United States,
KA763ab124acc443fdb59acc4f7a5cc68b,208.184.162.186,,United States,Texas
KA33020180301d89277eddd0648dbaa650e36d4dd459a,69.8.43.110,Ardmore,United States,Oklahoma
KA330201803049fdd4b443edd453891540163287f7806,73.110.42.125,Broadview,United States,Illinois
KA33020180227cfd7fd5f05ae43cdb426ad8f992094d5,174.255.138.140,,United States,
KA33020180304a2a3da8ca2594bc7bc424fc9bd3b5f35,174.216.2.77,Seattle,United States,Washington
KA33020180228bc4c05b3fce74b05bcdb77ec7eed1253,69.161.163.73,Glasco,United States,Kansas
KA330201802281c704a39844842418b1cfa03a59f0dab,107.242.113.10,,United States,
KA33020180228bc4c05b3fce74b05bcdb77ec7eed1253,69.161.163.73,Glasco,United States,Kansas
KA33020180304a2a3da8ca2594bc7bc424fc9bd3b5f35,174.216.2.77,Seattle,United States,Washington
KA33020180304c58ef6d0ba97479cb780f12323483487,76.22.184.126,Murfreesboro,United States,Tennessee
KA3302018030403832b391a424498975fccc94fbfb36e,172.58.59.29,,United States,Colorado
KA33020180303a52f8f15169c42ec9ff5fa8a73b08c20,208.184.162.172,,United States,Texas
KA3302018030461da1ec5492a415ea7ff842818cc4602,172.58.21.165,Long Beach,United States,California
KA33020180304b1a6ee3541324f469e248af723ed87fd,66.87.153.254,Memphis,United States,Tennessee
KA33020180304eb7281298cc5443597b358e1ae27db75,208.54.86.244,,United States,Texas
KA3302018030472ab0b8ac1e54055988ac4bba00aca3a,107.77.201.79,,United States,Texas
KA3302018030403832b391a424498975fccc94fbfb36e,172.58.59.29,,United States,Colorado
KA3302018030454c0dbc7c1e540cba96790135fff7351,107.77.201.168,,United States,
KA33020180304008c4d1ae40e49df815c4041941a1c27,174.255.205.168,,United States,
KA3302018030117201cbebf974c17a1cd3c202fad33a5,174.207.21.36,,United States,
KA3302018030436a75f9c83c849278b04921cdc86f69c,107.77.206.128,,United States,Illinois
KA3302018030436a75f9c83c849278b04921cdc86f69c,107.77.206.128,,United States,Illinois
KA33020180304008c4d1ae40e49df815c4041941a1c27,174.255.205.168,,United States,
KA330201803049fdd4b443edd453891540163287f7806,174.197.7.165,Sun Prairie,United States,Wisconsin
KA33020180227bbb5b23578be4771bb0deac5c99e6650,172.56.14.185,Houston,United States,Texas
KA33020180304ad195df21a5e447da0921248e888aff1,66.87.149.47,Orlando,United States,Florida
KA33020180304f028c9260cb949e1a2b77ba994ffb052,172.58.21.79,Los Angeles,United States,California
KA330201803039321810430f24cbeb6553cd4cbfc47d8,107.242.113.3,,United States,
KA330201803049d8925f06a2145a5bc06d13a29eea41d,172.56.32.181,,United States,California
KA33020180304b1a6ee3541324f469e248af723ed87fd,73.58.150.24,Nashville,United States,Tennessee
KA3302018030400466f3e51514c1e8501b06b64699f40,107.77.197.213,,United States,Texas
KA3302018030400466f3e51514c1e8501b06b64699f40,107.77.197.213,,United States,Texas
KA33020180302e1faa2c7a4654a5198f0fe430c9b1785,107.77.199.138,,United States,Texas
KAbec5a3c986fc417fa988be451f085e25,172.56.6.202,Dallas,United States,Texas
KA33020180227718930b82d984d7097a61fbc1943daf3,107.77.169.10,,United States,Texas
KA33020180227d395cf85defa498aab64307a5a3227d9,208.184.162.158,,United States,Texas
KA860e1ef5b1624156ba8d4add97c9caf9,174.255.128.64,,United States,
KA3302018030349cb6d29fff543c39b5545428dc36efa,66.87.129.200,Richmond,United States,Virginia
KA33020180304eb7281298cc5443597b358e1ae27db75,208.54.86.244,,United States,Texas
KA330201802281c704a39844842418b1cfa03a59f0dab,107.242.113.10,,United States,
KA33020180304323347d5a93e460ea19e2368fd711add,107.77.201.8,,United States,Texas
KA330201802273ff98aa830054288b89d75f148332c89,107.77.237.32,,United States,Georgia
KA3302018030484f06642b0b6420db370d230c65dc380,74.196.208.180,Lake Charles,United States,Louisiana
KAc347822aa61d4b5dac07bd9c81bf7de3,99.203.29.108,,United States,
KA33020180304c0d40598bbac49acbbda803e84f4baea,174.238.12.129,Phoenix,United States,Arizona
KA3302018022742191bc6cc864aa2ab845f489bafd916,172.58.111.95,Dallas,United States,Texas
KA33020180228f0d54b04ae8b4f56b527895c1660d69f,107.77.209.39,,United States,
KA3302018030464b6652228574a248e0e47c1ad6c919f,172.58.107.169,Dallas,United States,Texas
KA330201803046bab585092304817a8ae05328dfa3983,99.203.23.251,,United States,
KA33020180228f0d54b04ae8b4f56b527895c1660d69f,107.77.209.39,,United States,
KA33020180301fc6ae1fd46cd4b92a38a1c4674cb4199,107.242.113.11,,United States,
KA3302018030412e9f49707ff4a57ab081ae6d0592db6,107.242.113.3,,United States,
KA330201803040c200fd8f3a140b090d267ec36d65a82,66.87.118.173,Oakland,United States,California
KA330201803044525727c706d4681bd4fac8b65807f38,172.58.105.89,Dallas,United States,Texas
KA3302018030446474739e66649039425de07c54a5a2c,166.182.81.86,,United States,
KA3302018030446474739e66649039425de07c54a5a2c,166.182.81.86,,United States,
KA330201803044525727c706d4681bd4fac8b65807f38,172.58.105.89,Dallas,United States,Texas
